"RecordID","PengalamanCoding","ToolFavorit","PaketID"
449316,"Menengah","Python","ADK3-0A7E8D4A"
647734,"Pemula","Python","ADK3-0A7E8D4A"
808155,"Pemula","R","ADK3-0A7E8D4A"
548869,"Pemula","R","ADK3-0A7E8D4A"
861616,"Menengah","Python","ADK3-0A7E8D4A"
352485,"Menengah","SQL","ADK3-0A7E8D4A"
289581,"Pemula","Python","ADK3-0A7E8D4A"
486775,"Lanjut","Python","ADK3-0A7E8D4A"
859507,"Pemula","Python","ADK3-0A7E8D4A"
428251,"Menengah","Python","ADK3-0A7E8D4A"
319358,"Lanjut","Python","ADK3-0A7E8D4A"
254971,"Pemula","SQL","ADK3-0A7E8D4A"
785905,"Pemula","R","ADK3-0A7E8D4A"
813394,"Pemula","Python","ADK3-0A7E8D4A"
709524,"Lanjut","R","ADK3-0A7E8D4A"
716826,"Pemula","Python","ADK3-0A7E8D4A"
469730,"Menengah","Python","ADK3-0A7E8D4A"
330933,"Lanjut","Python","ADK3-0A7E8D4A"
989427,"Lanjut","R","ADK3-0A7E8D4A"
745544,"Menengah","R","ADK3-0A7E8D4A"
690905,"Menengah","Python","ADK3-0A7E8D4A"
650368,"Pemula","Python","ADK3-0A7E8D4A"
752175,"Lanjut","Python","ADK3-0A7E8D4A"
487384,"Pemula","R","ADK3-0A7E8D4A"
889984,"Menengah","Python","ADK3-0A7E8D4A"
666478,"Menengah","SQL","ADK3-0A7E8D4A"
623130,"Pemula","Python","ADK3-0A7E8D4A"
556168,"Menengah","Python","ADK3-0A7E8D4A"
125096,"Lanjut","Python","ADK3-0A7E8D4A"
921974,"Menengah","R","ADK3-0A7E8D4A"
572290,"Pemula","R","ADK3-0A7E8D4A"
384163,"Menengah","R","ADK3-0A7E8D4A"
244648,"Lanjut","SQL","ADK3-0A7E8D4A"
171095,"Pemula","Python","ADK3-0A7E8D4A"
188895,"Pemula","R","ADK3-0A7E8D4A"
946094,"Menengah","Python","ADK3-0A7E8D4A"
608823,"Menengah","R","ADK3-0A7E8D4A"
446159,"Lanjut","Python","ADK3-0A7E8D4A"
319632,"Pemula","R","ADK3-0A7E8D4A"
872880,"Lanjut","Python","ADK3-0A7E8D4A"
516571,"Menengah","R","ADK3-0A7E8D4A"
803332,"Menengah","SQL","ADK3-0A7E8D4A"
460197,"Pemula","R","ADK3-0A7E8D4A"
455953,"Menengah","R","ADK3-0A7E8D4A"
289194,"Lanjut","Python","ADK3-0A7E8D4A"
217389,"Menengah","Python","ADK3-0A7E8D4A"
647685,"Pemula","SQL","ADK3-0A7E8D4A"
730831,"Pemula","Python","ADK3-0A7E8D4A"
512742,"Menengah","Python","ADK3-0A7E8D4A"
831587,"Lanjut","Python","ADK3-0A7E8D4A"
462394,"Menengah","Python","ADK3-0A7E8D4A"
913179,"Menengah","Python","ADK3-0A7E8D4A"
204570,"Pemula","R","ADK3-0A7E8D4A"
257967,"Lanjut","R","ADK3-0A7E8D4A"
490617,"Menengah","R","ADK3-0A7E8D4A"
524015,"Menengah","Python","ADK3-0A7E8D4A"
566370,"Lanjut","R","ADK3-0A7E8D4A"
368623,"Pemula","SQL","ADK3-0A7E8D4A"
695176,"Pemula","SQL","ADK3-0A7E8D4A"
838583,"Lanjut","Python","ADK3-0A7E8D4A"
701997,"Pemula","Python","ADK3-0A7E8D4A"
621866,"Menengah","R","ADK3-0A7E8D4A"
122611,"Pemula","R","ADK3-0A7E8D4A"
683878,"Pemula","R","ADK3-0A7E8D4A"
302417,"Lanjut","SQL","ADK3-0A7E8D4A"
918433,"Lanjut","Python","ADK3-0A7E8D4A"
750402,"Pemula","SQL","ADK3-0A7E8D4A"
354693,"Lanjut","Python","ADK3-0A7E8D4A"
223428,"Menengah","SQL","ADK3-0A7E8D4A"
196216,"Pemula","Python","ADK3-0A7E8D4A"
907625,"Menengah","Python","ADK3-0A7E8D4A"
358290,"Lanjut","Python","ADK3-0A7E8D4A"
107546,"Lanjut","Python","ADK3-0A7E8D4A"
621737,"Menengah","R","ADK3-0A7E8D4A"
897189,"Lanjut","Python","ADK3-0A7E8D4A"
122017,"Menengah","Python","ADK3-0A7E8D4A"
914672,"Pemula","SQL","ADK3-0A7E8D4A"
378879,"Menengah","SQL","ADK3-0A7E8D4A"
305654,"Menengah","R","ADK3-0A7E8D4A"
624135,"Menengah","Python","ADK3-0A7E8D4A"
432460,"Lanjut","SQL","ADK3-0A7E8D4A"
492244,"Lanjut","Python","ADK3-0A7E8D4A"
708090,"Lanjut","Python","ADK3-0A7E8D4A"
210056,"Menengah","SQL","ADK3-0A7E8D4A"
631884,"Menengah","R","ADK3-0A7E8D4A"
179591,"Menengah","Python","ADK3-0A7E8D4A"
467045,"Lanjut","Python","ADK3-0A7E8D4A"
678645,"Pemula","Python","ADK3-0A7E8D4A"
972720,"Lanjut","Python","ADK3-0A7E8D4A"
633982,"Pemula","Python","ADK3-0A7E8D4A"
112435,"Menengah","Python","ADK3-0A7E8D4A"
390767,"Pemula","R","ADK3-0A7E8D4A"
314662,"Pemula","R","ADK3-0A7E8D4A"
497206,"Menengah","Python","ADK3-0A7E8D4A"
157566,"Lanjut","Python","ADK3-0A7E8D4A"
547239,"Lanjut","R","ADK3-0A7E8D4A"
928040,"Pemula","R","ADK3-0A7E8D4A"
721865,"Menengah","R","ADK3-0A7E8D4A"
302781,"Lanjut","Python","ADK3-0A7E8D4A"
688930,"Menengah","R","ADK3-0A7E8D4A"
518554,"Pemula","SQL","ADK3-0A7E8D4A"
731170,"Lanjut","SQL","ADK3-0A7E8D4A"
101414,"Menengah","Python","ADK3-0A7E8D4A"
291339,"Lanjut","Python","ADK3-0A7E8D4A"
319462,"Pemula","SQL","ADK3-0A7E8D4A"
620129,"Lanjut","Python","ADK3-0A7E8D4A"
201199,"Pemula","R","ADK3-0A7E8D4A"
255393,"Menengah","Python","ADK3-0A7E8D4A"
320149,"Menengah","SQL","ADK3-0A7E8D4A"
751175,"Menengah","Python","ADK3-0A7E8D4A"
169183,"Menengah","Python","ADK3-0A7E8D4A"
934449,"Pemula","SQL","ADK3-0A7E8D4A"
498981,"Menengah","Python","ADK3-0A7E8D4A"
151044,"Menengah","Python","ADK3-0A7E8D4A"
770368,"Lanjut","Python","ADK3-0A7E8D4A"
584047,"Menengah","Python","ADK3-0A7E8D4A"
772509,"Menengah","Python","ADK3-0A7E8D4A"
217502,"Pemula","SQL","ADK3-0A7E8D4A"
469273,"Menengah","SQL","ADK3-0A7E8D4A"
325840,"Pemula","SQL","ADK3-0A7E8D4A"
274450,"Lanjut","SQL","ADK3-0A7E8D4A"
410900,"Pemula","Python","ADK3-0A7E8D4A"
224665,"Lanjut","Python","ADK3-0A7E8D4A"
166220,"Menengah","Python","ADK3-0A7E8D4A"
274848,"Pemula","R","ADK3-0A7E8D4A"
802762,"Pemula","R","ADK3-0A7E8D4A"
426854,"Menengah","R","ADK3-0A7E8D4A"
546524,"Pemula","R","ADK3-0A7E8D4A"
378768,"Pemula","Python","ADK3-0A7E8D4A"
580597,"Lanjut","Python","ADK3-0A7E8D4A"
854612,"Menengah","Python","ADK3-0A7E8D4A"
333003,"Menengah","Python","ADK3-0A7E8D4A"
761945,"Menengah","R","ADK3-0A7E8D4A"
393769,"Menengah","Python","ADK3-0A7E8D4A"
145153,"Pemula","Python","ADK3-0A7E8D4A"
827814,"Menengah","SQL","ADK3-0A7E8D4A"
924739,"Lanjut","R","ADK3-0A7E8D4A"
140834,"Lanjut","SQL","ADK3-0A7E8D4A"
906824,"Menengah","Python","ADK3-0A7E8D4A"
466420,"Pemula","Python","ADK3-0A7E8D4A"
327144,"Pemula","R","ADK3-0A7E8D4A"
858244,"Lanjut","Python","ADK3-0A7E8D4A"
469086,"Pemula","R","ADK3-0A7E8D4A"
770069,"Lanjut","Python","ADK3-0A7E8D4A"
934398,"Lanjut","Python","ADK3-0A7E8D4A"
982826,"Lanjut","Python","ADK3-0A7E8D4A"
751973,"Lanjut","Python","ADK3-0A7E8D4A"
483363,"Lanjut","SQL","ADK3-0A7E8D4A"
401976,"Lanjut","SQL","ADK3-0A7E8D4A"
777505,"Lanjut","Python","ADK3-0A7E8D4A"
386878,"Lanjut","Python","ADK3-0A7E8D4A"
662951,"Menengah","SQL","ADK3-0A7E8D4A"
937560,"Lanjut","Python","ADK3-0A7E8D4A"
